"","project_title"
"1"," <U+0093> nueva generación pacífico 2021<U+0094>  primera fase   programa de fortalecimiento de capacidades individuales y colectivas   nuevos referentes y actores para la integración regional y nacional región pacífico"
"2"," <U+0093>de cara al censo nacional  colombia 2015<U+0094>  la comunidad afrocolombiana y sus organizaciones de base  preparándose de manera colectiva y participativa"
"3"," de víctimas a constructoras de paz  promoción de la paz y la reconciliación con mujeres de 9 municipios del occidente del departamento de antioquia"
"4"," programa de gestión social y ambiental participativa con la comunidad de los corregimientos de san cristóbal y san sebastián de palmitas del municipio de medellín  iii fase"
"5","<U+0093>planeación  organización y soberanía alimentaria en mongua  boyacá"
"6","<U+0093>proyecto demostrativo para el desarrollo sostenible de la amazonia colombiana como aporte para la protección al clima y para la conservación de la biodiversidad<U+0094>"
"7","45° north east"
"8","abogacía y educación legal para la inclusión social en américa latina  propuesta para la etapa 2012 2013"
"9","abre tus ojos"
"10","acceso  conservación de recursos y soberanía alimentaria de la comunidad de las piedras  municipio de tolú viejo  sincelejo"
"11","acceso a oportunidades para jóvenes en colombia tf058110"
"12","acceso a servicios de salud primaria y psicológica para población rural afectada por el conflicto armado en 5 municipios del departamento del meta en colombia"
"13","acción humanitaria coordinada en colombia  apoyo misión oficina para la coordinacion de asuntos humanitarios   ocha 2012"
"14","acción para la prevención de las violaciones en los derechos de niños  niñas y adolescentes y otras afectaciones en el marco del conflicto armado en los departamentos de huila y putumayo "
"15","acciones de deteccion  atenclon prevencion de las y diferentes formas de violencia social y familiar y de vulneraclon de derechos que afectan a nna en cali"
"16","acciones de protección y autoprotección en comunidades afrodescendientes  indígenas y mestizas en defensa de la vida y el territorio en medio del conflicto armado"
"17","acompañamiento al diseño y ejecución de las políticas transicionales y de construcción de la paz en colombia"
"18","acompañamiento del tiempo extraescolar para niños as y adolescentes afro descendientes"
"19","acompañamiento integral a familias que viven en situación de extrema pobreza"
"20","acompañamiento internacional para la protección de defensores de derechos humanos y comunidades de población desplazada interna  recursos 2011"
"21","acompañamiento y fortalecimiento de organizaciones e iniciativas juveniles en participación ciudadana con incidencia pública  en el municipio de quibdó   chocó "
"22","acompañamiento y fortalecimiento de organizaciones e iniciativas juveniles en participación ciudadana con incidencia pública en el muncipio de quibdó"
"23","actividades de difusión  formación y sensibilización a actores locales en el ámbito de los derechos a la igualdad y no discriminación racial de la población afrodescendiente en colombia"
"24","actividades de promoción alrededor de la cultura con los beneficiarios indígenas y afrodescendientes"
"25","actividades relacionadas con minas anti persona"
"26","actualización del plan maestro del aeropuerto internacional el dorado de bogotá "
"27","acuerdo no  000000161 centro de apoyo escolar  cae "
"28","adaptación a los impactos climáticos en el reglamento de agua y abastecimiento del área de chingaza  sumapaz  guerrero "
"29","adaptación de la corporacion andina de fomento   caficultura al cambio climático rg <U+0096>t1655"
"30","adecuación institucional para el acceso a la justicia de las mujeres víctimas"
"31","afro para afro  consolidación del proceso de empoderamiento de la mesa municipal de mujeres de tumaco   nariño"
"32","agentes de cambio  participación activa del cambio social"
"33","agua para la educación  educación para el agua"
"34","alcantarillado faltante barrio nelson mandela"
"35","alfa iii   américa latina formación académica"
"36","alianza cartagena   desarrollo de proveedores para la industria hotelera"
"37","alianza por la calidad de vida y la sostenibilidad de la amazonía colombiana   amazonas 2030"
"38","alternativas de desarrollo humano integral sostenible para la vereda granizal  municipio de bello  departamento de antioquia "
"39","americas latinoamérica europa cooperación en tic en estrategias avanzadas "
"40","ana mú  consolidación de los procesos socio productivos y comerciales de dos asociaciones agropecuarias  bajo un enfoque de derechos y sostenibilidad"
"41","aportar al ejercicio efectivo de los derechos socioeconómicos de organizaciones pertenecientes a la red piscícola   codigo 12 pri 0392"
"42","aporte a la protección de las niñas víctimas del conflicto armado colombiano en el departamento de nariño "
"43","aporte al proceso de paz en colombia  por medio de la construcción de una red en la población rural  para su participación en procesos de acceso  legalización y restitución de tierras y desarrollo rural en la región caribe colombiana "
"44","apoyo a 500 jóvenes de 6 barrios urbano marginales de bogotá y cali para la mejora su desarrollo personal y social y construcción de proyecto de vida"
"45","apoyo a la agenda colombiana de adaptación al cambio climático co t1150"
"46","apoyo a la consolidación de los derechos de las víctimas en el marco de la ley de víctimas y restitución de tierras"
"47","apoyo a la consolidación de los derechos de las víctimas en el marco de la ley de víctimas y restitución de tierras "
"48","apoyo a la estrategia de desarrollo rural de colombia mediante la validación de la metodología de proyectos eje para la generación de ingresos "
"49","apoyo a la estructuración del proyecto hidroeléctrico ituango"
"50","apoyo a la formulación de la política integral de tierras en colombia   fase i"
"51","apoyo a la formulación de la política integral de tierras en colombia  fase ii"
"52","apoyo a la implementación de la estrategia nacional de reformas de la formación para el trabajo "
"53","apoyo a la implementación de la ley restitución de tierras"
"54","apoyo a la política pública para el desplazamiento interno"
"55","apoyo a la red de protección social en colombia"
"56","apoyo a la red piscícola de bolívar para la consolidación de una cadena productiva que garantice la seguridad alimentaria y la generación de ingresos  fase ii"
"57","apoyo a la restitución de tierras y a las reformas institucionales de desarrollo rural"
"58","apoyo a las actividades del cicr en colombia  2012"
"59","apoyo a niños as víctimas del conflicto armado en el departamento de córdoba"
"60","apoyo a niños as víctimas del conflicto armado en el departamento de córdoba  chaine du bonheur "
"61","apoyo a niños as víctimas del conflicto armado en el departamento de córdoba  terre des hommes "
"62","apoyo a pequeños corporacion andina de fomento   caficultores del sur del departamento del cauca "
"63","apoyo a políticas públicas de tierras en colombia fase iii"
"64","apoyo a procesos de autodesarrollo de comunidades indigenas misak  nasa y afrodescendientes en el departamento del cauca  colombia "
"65","apoyo a procesos de autodesarrollo de comunidades indigenas misak  nasa y afrodescendientes en el departamento del cauca  colombia   fundeso "
"66","apoyo a proyectos de gestión participativa y comunitaria de sostenibilidad local y regional en el centro del valle del cauca "
"67","apoyo al desarrollo de una estrategia productiva y comunitaria para la promoción de servicios ambientales y biocomercio"
"68","apoyo al fortalecimiento institucional del sistema estadístico nacional a través de la implementación del código regional de buenas prácticas en estadísticas y la gestión para resultados"
"69","apoyo al fortalecimiento y promoción de las capacidades territoriales en la apropiación  social del conocimiento como alternativa de desarrollo para el departamento del meta a partir del intercambio de experiencias con el estado de nuevo león  méxico"
"70","apoyo al museo casa de la memoria de medellín   fase ii"
"71","apoyo al museo casa de la memoria de medellìn   fase ii"
"72","apoyo al plan maestro de aprovechamiento del rio magdalena   cormagdalena"
"73","apoyo al proceso de paz en colombia en el marco de la ley de justicia y paz  un ejemplo de justicia transicional   profis fase iii"
"74","apoyo al proceso de reestructuración del instituto nacional de vigilancia de medicamentos e alimentos  invima  com vista al fortalecimiento institucional "
"75","apoyo al proyecto de desarrollo de un marco institucional y operativo para las alianzas público privadas en colombia"
"76","apoyo al sistema nacional de escuelas taller  fases v"
"77","apoyo general a contribuir al desarrollo del derecho internacional de los derechos humanos y el derecho internacional humanitario y validar el estado de derecho y los derechos humanos en colombia"
"78","apoyo institucional a comisión colombiana de juristas"
"79","apoyo institucional al sistema penal colombiano"
"80","apoyo para el desarrolo del acuerdo de mínimos por la paz en colombia   fase ii"
"81","apoyo para el fortalecimiento de la política de seguridad alimentaria y nutricional de colombia"
"82","apoyo para la implementación de un sistema de información con cobertura nacional"
"83","apoyo presupuestario al sector lacteo en colombia"
"84","apoyo técnico para el fortalecimiento de la cooperacion sur sur en colombia"
"85","apoyo técnico para la implementación de bancos de leche humana en colombia"
"86","apropiación local del desarrollo"
"87","articulación de la educación media con la superior "
"88","articulación social en el marco de la ley 1448 y acceso a la justicia"
"89","asistencia a sobrevivientes civiles de minas antipersona  con un enfoque sobre niños y jóvenes "
"90","asistencia a víctimas civiles de accidentes de minas antipersonal y restos explosivos de guerra  map y reg  en los departamentos de nariño  cauca y córdoba "
"91","asistencia a víctimas civiles sobrevivientes de minas antipersona  con un enfoque sobre niños  niñas y jóvenes en colombia "
"92","asistencia de emergencia a población en situacion de desplazamiento  con recursos de bprm "
"93","asistencia humanitaria de emergencia para la población afectada por el conflicto colombiano en los departamentos de arauca y norte de casanare"
"94","asistencia humanitaria de emergencia para personas afectadas por el conflicto colombiano en el departamento de arauca y el norte de casanare "
"95","asistencia humanitaria para la población afectada por el conflicto armado en colombia"
"96","asistencia humanitaria para la población afectada por el conflicto interno armado en el suroeste de colombia con un enfoque diferencial a las personas mayores"
"97","asistencia humanitaria para la población vulnerable afectada por el conflicto interno armado en los departamentos de putumayo y córdoba  colombia"
"98","asistencia humanitaria y protección para la población en situación de desplazamiento en colombia con un enfoque diferencial para los adultos mayores"
"99","asistencia humanitaria y protección para la población en situación de desplazamiento en colombia con un enfoque diferencial para los adultos mayores  fase iii"
"100","asistencia técnica al proyecto nacional de sistemas de inspeccion de carga no invasivos "
"101","asistencia técnica en protección de tierras"
"102","asistencia técnica para la integración del asd en la política de restitución de tierras"
"103","asistencia y acompañamiento a las víctimas y sus organizaciones para una incidencia efectiva en la política pública de atención y reparación integral"
"104","ataques a líderes de personas desplazadas y comunidades afro colombianas"
"105","atencion integral a la mujer y al continuo madre  recien nacido"
"106","atención integral a la población víctima de desplazamiento forzado en el putumayo"
"107","atención integral a población afectada por el conflicto armado en la zona periurbana de tumaco   fase ii"
"108","atención integral a población afectada por el conflicto armado en las zonas rurales de tumaco  fase ii  colombia "
"109","atención integral del vih sida"
"110","avanza atención pedagógica y psicoterapéutica para la inclusión de estudiantes con dificultades escolares y necesidades educativas especiales de los colegios y hogar internado cda"
"111","avanzada coprecos lac  aumentando estrategias de prevención de vih basadas en evidencia incluyendo reduciendo estigma  discriminación e inequidad de género entre los servicios uniformados"
"112","avanzando procesos de verdad  justicia y reparación integral para las víctimas del conflicto armado"
"113","ayuda humanitaria de urgencia  comunidad campanario  municipio cáceres  antioquia"
"114","ayuda humanitaria para la población afectada por el conflicto armado en colombia"
"115","ayuda humanitaria para la población indígena en el departamento de la guajira colombia"
"116","ayuda humanitaria y protección para la población afectada por el conflicto en la región del paramillo en colombia"
"117","ayudando a los niños  niñas  adolescentes y jóvenes a restablecer sus derechos"
"118","ayudanos a ayudar   brigadas de salud"
"119","ayunos a educar  mi nueva familia  un útil un proyecto de vida"
"120","becas de formación 2012"
"121","bio redd"
"122","biodiversidad  servicios ecosistemicas y seguridad alimentaria de comunidades rurales   construyendo un modelo integral para su gestión en la amazonia colombiana"
"123","bloqueras solidarias"
"124","cambio climatico con enfoque territorial en region capital bogota   cundinamarca"
"125","campaña <U+0093>semillas de identidad¨ por la defensa de la biodiversidad y la soberanía alimentaria"
"126","campaña de inclusión y visibilización estadística de la población afrocolombiana en el próximo censo 2015 en colombia"
"127","capacitación en energía hidráulica   cormagdalena"
"128","capacitación en parques tecnológicos  ptp"
"129","capacitación para jóvenes en riesgo enfocada a la generación de ingresos en el tecnocentro cultural somos pacífico"
"130","capacitación técnica en epidemiología y biología para el control de monilia y escoba de bruja en sistemas agroforestales del cacao "
"131","capacitación técnica en sistemas de producción de ovinos y caprinos"
"132","capacitación técnica en sistemas productivos en el cultivo de caucho natural en zonas de escape y no escape"
"133","capacitación y diálogo sobre el marco empresas y derechos humanos en colombia"
"134","capactitaciones de 5 tecnicos colombianos de guatemala en los procesos de aprovechamiento y beneficios de plantaciones de caucho natural hevea brasiliensis"
"135","casa de la memoria para la ciudad de medellín   apoyo al componente estructural  fase ii"
"136","casa ensamble"
"137","catálogo morfológico y genético para identificación regional de stocks de tortuga verde prieta  chelonia mydas   chelonia agassizii  en el pacífico oriental"
"138","celebrar y descubrir  propuesta de gestión de conocimiento para la innovación"
"139","centro de apoyo escolar soacha"
"140","centro internacional para la justicia transicional"
"141","centro latinoamericano de investigación en malaria  claim "
"142","ciudad y mujeres  enfoque de género en la planificación urbana y la gestión del territorio"
"143","ciudades intermedias y sostenibles en brasil y colombia  hacia la definición de estrategias compartidas para el desarrollo de un habitat social en equilibrio con el territorio "
"144","código de bioconstrucción colombia"
"145","colector pluvial bastidas   mar caribe en santa marta fase iv"
"146","comedor comunitario"
"147","complejo social fundación juan felipe gomez escobar  contribución en la superación de la pobreza"
"148","componente biodiversidad   programa forestal silvicultura como alternativa de producción en la zona marginal de la región corporacion andina de fomento   cafetera   río magdalena   fase iii"
"149","conocimiento de las mejores experiencias en servicio al cliente en el sector postal"
"150","consejo comunitario mayor de la asociación campesina integral del atrato   cocomacia"
"151","conserva colombia"
"152","conservación de la biodiversidad en las áreas de cultivo de palma africana "
"153","conservación de la biodiversidad y las fuentes de agua en la cuenca del amazonas  ríos orito  mocoa  guineo y orteguaza"
"154","conservación internacional   fondo acción"
"155","consolidación de políticas de protección y prevencion de nnaj que se encuentran en alto riesgo de reclutamiento en el departamento del tolima y del putumayo"
"156","consolidación de un laboratorio iberoamericano de investigación sobre cultura y desarrollo  pci 2011"
"157","consolidación del sistema nacional de monitoreo de bosques y carbono de apoyo a la política y gestión ambiental en colombia  fase ii "
"158","consolidando al consejo comunitario mayor de la opoca cocomopoca como actor social de desarrollo y paz  dci nsapvd 2012 293 916"
"159","construcción de agendas y propuestas para superar el fenómeno de la violencia antisindical y la construcción de la reparación colectiva con seis organizaciones sindicales"
"160","construcción de capacidad institucional y comunitaria para la respuesta preventiva y de servicios de salud  reduciendo la morbi mortalidad asociada con el vih sida en los grupos mas afectados "
"161","construcción de capacidades y asistencia humanitaria a población en situación de desplazamiento "
"162","construcción de instalaciones hidráulico sanitarias en viviendas de la zona sur oriental de la ciudad de cartagena   fase i"
"163","construcción de un centro comunitario en planadas de mosquera"
"164","construcción del puerto de andalucía sobre el rio magdalena"
"165","construcción participativa de una propuesta de desarrollo territorial con perspectiva alimentaria en 12 municipios del departamento del cesar"
"166","construcción participativa y concertada para la sostenibilidad   valle del cauca  colombia  fase ii"
"167","contrato k col 1103 0001 "
"168","contrato k col 1208 004"
"169","contribución a la autoprotección de las comunidades indígenas afectadas por el conflicto armado en el suroccidente de colombia desde la acción humanitaria contra minas"
"170","contribución a la estabilización comunitaria en zonas de frontera"
"171","contribución adicional gno col0326 rrd   chocó"
"172","contribuir a la construcción del régimen especial de manejo  rem  del pnn yaigojé apaporis "
"173","control social y veeduría ciudadana a la gestión municipal y a los consejos municipales"
"174","convenio 10 13  mejora de la estabilización social e integración de grupos étnicos afectados por el conflicto a través del acceso al agua potable  la generación de ingresos y la sostenibilidad ambiental en comunidades rurales "
"175","convenio 2010   2013  fortalecimiento de la democracia participativa y el empoderamiento social en colombia"
"176","convenio 2010 2013 mejora de la calidad educativa para la inserción social de poblaciones vulnerables en américa latina   fase i"
"177","convenio 2010 2013 programa integral para la restitución de los derechos de las víctimas  especialmente las de desaparición forzada y ejecuciones sumarias  con el fin de fortalecer la democracia y el estado de derecho    fase i"
"178","cooperación audiovisual 2013"
"179","cooperación científica  legislativa entre la república de colombia y la república de argentina  para la implementación del banco de perfiles genéticos de desaparecidos en colombia"
"180","cooperación entre estado y sociedad civil para el desarrollo de la paz <U+0096> cercapaz fase iii "
"181","cooperación finlandes"
"182","cooperación para fortalecer la educación superior  la justicia propia y el desarrollo con identidad y cultura de los pueblos indígenas de colombia"
"183","cooperación técnica entre el programa ondas y comecyt para el intercambio de expertos y experiencias de programas de popularización y apropiación de la c y t"
"184","cooperación técnica para la ampliación del conocimiento sobre palma aceitera y la higuerila como fuentes de biomasa para la producción de biodiesel"
"185","cooperación triangular para el desarrollo de las capacidades técnicas en la región de la cuenca del caribe y américa del sur "
"186","corporate governance for family businesses  promoción de buenas prácticas de gobierno corporativo que incrementen la competitividad y la sostenibilidad de las pequeñas y medianas empresas  pymes  de carácter familiar "
"187","creación de una plataforma tecnológica y de servicios de telefonía móvil sostenibles para ampliar el alcance y la efectividad de la intervenciones agrícolas para los pobres rurales"
"188","creciendo juntos  desarrollo sostenible para la juventud rural en nariño"
"189","cuerpos de paz en colombia"
"190","curso de tecnica batik"
"191","dar seguimiento al estudio sobre políticas públicas para las cadenas de valor en colombia  y la conferencia regional sobre las cadenas de valor favorables a los pobr"
"192","datos y análisis de la dinámica demográfica y poblacional"
"193","defensa de los derechos en colombia"
"194","defensa y promoción de los derechos humanos en el municipio de sonson  antioquia"
"195","defensoría del pueblo"
"196","demandas de las mujeres en el desarrollo local  una estrategia de paz en soacha "
"197","desarrollar un cambio social y el premio al liderazgo con un enfoque en los afrodescendientes y los pueblos indígenas"
"198","desarrollo competitivo en cadenas de valor de los clusters estrategicos del departamento del atlantico "
"199","desarrollo comunitario integral en tres veredas del municipio de pueblorrico  antioquia"
"200","desarrollo con identidad regional entre españa y nariño  direna "
"201","desarrollo de la política de género  generación y familia de la oia para el fortalecimiento de las mujeres indígenas en colombia  fase iii"
"202","desarrollo de las mipymes bajo el modelo de clúster   fortalecimiento de las políticas de competitividad y productividad en colombia"
"203","desarrollo de micro tareas en modalidad teleservicios para personas con discapacidad en las regiones de santander y valle"
"204","desarrollo de sistemas y servicios de salud"
"205","desarrollo de un programa de capacitación científico técnica y fortalecimiento de un laboratorio medioambiental para mejorar la gestión de la calidad de las aguas en ríos colombianos altamente contaminados  pci 2011"
"206","desarrollo del cultivo de pectinidos   jica"
"207","desarrollo regional  paz y estabilidad "
"208","desarrollo regional  paz y estabilidad ii"
"209","desarrollo territorial transfronterizo con identidad al sur de colombia y norte del ecuador  proyecto transfronterizo pasto"
"210","desesencializar y desracializar  producción situada de representaciones negras  afrocolombianas  palenqueras y raizales en el caribe colombiano"
"211","desigualdad  derechos humanos y gobernabilidad democrática en colombia con énfasis en las regiones de la costa atlántica  costa pácífica y zona centro"
"212","desmovilización y reintegración"
"213","difusión aplicación y transformación del derecho internacional humanitario en colombia"
"214","dinámicas de población en políticas públicas"
"215","diseño  estructuración y validación de la oficina técnica de apoyo presupuestario  otap  del congreso de la repíblica"
"216","diseño  planificación e implantación de una maestría oficial en cultura política  participación ciudadana y cohesión social  pci2011"
"217","diseño de mecanismos de comunicación con la comunidad con base en el lenguaje ciudadano"
"218","diseño de una modelo de política pública para la implementación de políticas de acción afirmativa en colombia "
"219","diseño e implementacion de un subsistema nacional de areas marinas protegidas  samp  en colombia"
"220","diseño y planeación del censo nacional agropecuario de colombia basado en la experiencia del censo 2007 en brasil"
"221","donación de computadores   dian"
"222","donación de vehículos para entidades públicas colombianas    dps  apc colombia y min rel ext "
"223","donación para el proyecto de servicios de resolución pacifica de diferencias para los pobres fondo japones para el desarrollo social jsdf 091176"
"224","educación + deporte  la mejor fórmula"
"225","el camino del amor  prevención de violencias escolares "
"226","el desafío  estrategia de generación de renta comunitaria"
"227","el trabajo decente en la región andina"
"228","empoderamiento de las mujeres jóvenes afectadas por la violencia en colombia  una aproximación innovadora hacia la inclusión educativa  social y económica sostenible<U+0094> <U+0096> proyecto golondrina"
"229","empoderamiento y protección a los defensores de derechos humanos y las comunidades de base en colombia"
"230","en casa  protegidos del invierno"
"231","encuentro de supervisores de mercado integrado latinoamericano  mila "
"232","encuesta de valores democráticos barómetro de las américas"
"233","encuesta nacional de juventud"
"234","energía solar para escuelas en el nudo de paramillo"
"235","energía y medio ambiente  programa de la región andina"
"236","enseñanza del francés y acción cultural 2013 "
"237","enseñanza en francés 2013"
"238","entorno de derechos de los niños y adolescentes en colombia"
"239","equidad de género en colombia"
"240","escuela de formadores "
"241","escuela política de mujeres de medellín colombia en ciudadanía  participación electoral e incidencia en escenarios estatales de elección popular"
"242","escuela taller buenaventura"
"243","escuela taller de bogotá"
"244","establecimiento de sistemas de garantía de legalidad a partir de la certificación de sostenibilidad para la producción forestal y para la cadena de custodia con pymes en colombia"
"245","establecimiento de un centro de cultivo de especies ornamentales nativas para beneficiar familias campesinas en santa elena  antioquia   proyecto piloto de conservación  restauración y uso "
"246","estados unidos   colombia  asocio de escuelas de derecho en temas de derechos humanos"
"247","estrategia de recuperación integral del territorio colectivo del consejo comunitario de los ríos la larga y tumaradó  chocó "
"248","estrategias de desarrollo urbano"
"249","estructuración del fondo de pre inversión en infraestructura y estructuración técnica  legal y financiera del sistema ferroviaro central "
"250","estudio de impactos económicos del cambio climático en colombia"
"251","estudio de una nueva lacasa fúngica para su empleo en el aprovechamiento de la biomasa vegetal  pci 2011"
"252","estudio sobre la sostenibilidad de los medios de vida de las poblaciones locales que habitan o utilizan directamente los páramos y su relación con la sostenibilidad del uso de éstos ecosistemas "
"253","estudios de factibilidad parque eólico"
"254","evidencias en salud y control de enfermedades"
"255","exploración de otras formas de aprovechamiento a los recursos del bosque que contribuyan al desarrollo sostenible de la región y la gobernabilidad del consejo comunitario del río cajambre "
"256","fase implementación biocan"
"257","fomento del emprendimiento femenino y apoyo en los procesos productivos y medioambientales a los microempresarios del valle del cauca"
"258","fomento del tejido empresarial del sector cultural en la región de antioquia  subregión de urabá  fomecc colombia "
"259","fomin   programa de inserción laboral productiva para personas con discapacidad "
"260","fomin   progresa capital   fondo de capital emprendedor "
"261","fomin   promover la innovación y desarrollo industrial de la guadua "
"262","fomin  desarrollo de incentivos de mercado para la formalización de la minería artesanal aurífera y de pequeña escala "
"263","fomin  proyecto de recuperación del desarrollo económico local en regiones post conflicto"
"264","fondo de estudios y expertos"
"265","fondo de naciones unidas para la infancia   unicef  derechos de los niños y adolescentes"
"266","fondo de préstamos a pequeños microempresarios  alianza con actuar"
"267","fondo de respuesta a emergencias del coordinador humanitario en colombia 2012"
"268","fondo local para la promoción de la responsabilidad social corporativa en colombia"
"269","fondo para el fortalecimiento del sector justicia   recursos 2009"
"270","fondo para la promoción de la convivencia   recursos 2009"
"271","formación de docentes mediante entornos virtuales para la educación parental  pci 2011"
"272","formación de líderes en inspección vigilancia y control  ivc  de las actividades propias de bancos de tejidos"
"273","formación y educación para ejercer y apropiarse de los mecanismos de participación ciudadana "
"274","formación y vinculación laboral en el sector de hotelería y turismo para jóvenes de estratos 1 y 2 en la ciudad de cartagena"
"275","fortalecer al mre en temas multilaterales como unasur  can  y consejo de seguridad de naciones unidas"
"276","fortalecer la estrategia alto a la tb en 46 municipios prioritarios de colombia"
"277","fortalecer la generación de ingresos en la comuna 18  formación  acompañamiento empresarial y mejora de la dinámica familiar "
"278","fortalecer los equipos sicosociales de los servicios y defensorías de familia del sistema de responsabilidad penal para adolescentes   srpa"
"279","fortalecimiento al ministerio de justicia y del derecho modificación no  1  fortalecmiento a la agencia nacional de defensa jurídica del estado "
"280","fortalecimiento de capacidades de una red de agentes de cambio social"
"281","fortalecimiento de capacidades para el restablecimiento socioeconómico de familias víctimas del desplazamiento en el norte del valle del cauca "
"282","fortalecimiento de experiencias de construcción de paz de mujeres indígenas  campesinas os  jóvenes y afrodescendientes en tres zonas afectadas por el conflicto armado en colombia"
"283","fortalecimiento de grupos productivos de jóvenes de la comunidad nasa del cauca "
"284","fortalecimiento de iniciativas productivas y empoderamiento social y político de asomuprosan y de diez organizaciones de mujeres en el municipio de los palmitos  sucre "
"285","fortalecimiento de la acción institucional y social para la atención diferencial y restitución de derechos a las víctimas del conflicto armado residentes en el municipio de tuluá  colombia  no  dci nsapvd 2012 293 424"
"286","fortalecimiento de la administraciòn de la educación en territorios indígenas del cauca  a través de la implementación del sistema educativo indígena propio  seip   en el marco del decreto transitorio 2500 de 2010 "
"287","fortalecimiento de la capacidad de participacion e incidencia sociopolitica de las mujeres y los jovenes en la construccion de su desarrollo con equidad  en los municipios de guachené y puerto tejada en el departamento del cauca  colombia "
"288","fortalecimiento de la capacidad técnica y científica del dane para la producción de información sociodemográfica"
"289","fortalecimiento de la gestion  en materia de promocion social  a traves  del intercambio de experiencias y buenas practicas entre el gobierno chileno y el gobierno colombiano y la accion conjunta en apoyo a paises de la region de centroamerica y el caribe "
"290","fortalecimiento de la gestión de alianzas público privadas del sector de la inclusión social y la reconciliación"
"291","fortalecimiento de la gobernanza ambiental en territorios indígenas para la conservación de la diversidad biológica y cultural en el departamento del vaupés "
"292","fortalecimiento de la misión de apoyo al proceso de paz en colombia  mapp oea "
"293","fortalecimiento de la participación política de las mujeres indígenas del norte del cauca  para una cultura democrática y de paz"
"294","fortalecimiento de la participación política de las mujeres indígenas del norte del cauca  para una cultura democrática y de paz "
"295","fortalecimiento de la población campesina del municipio de nocaima  desde un enfoque de género para la mejora integral de sus condiciones de vida  colombia"
"296","fortalecimiento de la recolección de envases tetra pak post consumo"
"297","fortalecimiento de la red de pequeños agricultores en nariño   tierrandina "
"298","fortalecimiento de la salud sexual y reproductiva y derechos sexuales y reproductivos en el meta "
"299","fortalecimiento de la salud y los derechos sexuales y reproductivos en la frontera colombo   ecuatoriana"
"300","fortalecimiento de las capacidades locales para la construcción de la paz en el departamento de nariño"
"301","fortalecimiento de los lideres constructores de paz y de sus planes de acción desde la escuela de formación en construcción de paz"
"302","fortalecimiento de los procesos de beneficio y transformación del caucho natural en colombia"
"303","fortalecimiento de los procesos educativos en competencias psicosociales de la población infantil de las comunidades vulnerables que habitan en barrios periféricos de las principales ciudades de colombia"
"304","fortalecimiento de los sistemas de información ambiental sectoriales"
"305","fortalecimiento de organizaciones de base para combatir la pobreza "
"306","fortalecimiento de políticas públicas de seguridad en colombia"
"307","fortalecimiento de procesos de reivindicación de los derechos de las víctimas para la protección  la veeduría y la incidencia en la implementación de la ley 1448 con enfoque psicosocial"
"308","fortalecimiento de procesos de sostenibilidad en pequeñas empresas forestales de la región del urabá mediante la implementación de la certificación forestal voluntaria"
"309","fortalecimiento del acceso igualitario a una justicia independiente y transparente en la región andina  auditoria social y transparencia"
"310","fortalecimiento del estado de derecho   fortalesder fase 3"
"311","fortalecimiento del proceso de articulaciòn de organizaciones sociales afrodescendientes y redes de consejos comunitarios para la exigilidad de los derechos de la poblaciòn afrocolombiana"
"312","fortalecimiento del proyecto educativo  formativo y productivo de la ciudadela juvenil amazónica don bosco como estrategia de protección y prevención para los nnaj del caquetá"
"313","fortalecimiento del sistema de cooperación internacional de colombia y de la cooperción sur   sur"
"314","fortalecimiento del tejido social a partir de la puesta en valor del patrimonio cultural  para mitigar las secuelas causadas por el conflicto armado"
"315","fortalecimiento en el diagnóstico molecular y bioquímico de las especies de leishmania y su georeferenciación"
"316","fortalecimiento étnico y de los derechos de las víctimas de las comunidades negras en colombia "
"317","fortalecimiento institucional de la capacidad colombiana para aumentar la integridad y la transparencia"
"318","fortalecimiento institucional de la capacidad nacional colombiana de acción contra minas paicma  dci ala 2010 022 250 "
"319","fortalecimiento institucional de las capacidades nacionales para la atención y la orientación de las víctimas civiles de minas antipersonal y del conflicto armado en colombia"
"320","fortalecimiento institucional del ideam para reducir los efectos perjudiciales debanco interamericano de desarrolo   bido al cambio climático y condiciones meteorológicas extremas en colombia"
"321","fortalecimiento institucional del proyecto redescolombia"
"322","fortalecimiento institucional en estadísticas vitales y de la salud <U+0096> fase ii"
"323","fortalecimiento institucional para la atención a las víctimas"
"324","fortalecimiento institucional plan fronteras para la prosperidad fase ii"
"325","fortalecimiento institucional uto fase   viii"
"326","fortalecimiento institucional y de politica para incrementar la conservacion de la biodiversidad en predios privados  pp  en colombia"
"327","fortalecimiento integral de la cadena de artesania en lana  para la generacion rentable de ingresos en comuinidades de nariño  colombia"
"328","fortalecimiento organizativo para la defensa y la permanencia en el territorio de comunidades campesinas del municipio de cajibio en el cauca   colombia"
"329","fortalecimiento pedagógico e institucional del programa de educación indígena de la universidad de antioquia  para la consolidación de la licenciatura en pedagogía de la madre tierra y el desarrollo de los planes de vida indígena  pci 2011"
"330","fortalecimiento y acciones de prevención de desplazamiento forzado y protección de derechos de personas desplazadas y o en riesgo de desplazamiento en colombia "
"331","fortalecimiento y cualificación de estrategias de atención psicosocial y salud mental para víctimas de secuestro en colombia"
"332","forum syd colombia"
"333","fos  the fund for strengthening colombian civil society in peace  human rights and democracy"
"334","funcionamiento  fortalecimiento y operatividad de asfamipaz"
"335","fútbol juntos  repensar la forma de mejorar la equidad de género en el sistema educativo"
"336","generación alternativas económicas a comunidades indígenas de chigorodó  colombia mediante el fortalecimiento de la gobernanza  la diversificación productiva y la certificación forestal voluntaria"
"337","generación de capacidades comerciales  red de exportadores de cacao colombia    <U+0093>trade capacity building efta  export network cocoa  colombia<U+0094>"
"338","generación de ingresos y sostenibilidad organizacional mediante el cultivo del cardamomo en el municipio de caramanta   antioquia "
"339","generación de un modelo de estabilización e inclusión socio económica para mujeres en condición de desplazamiento en las localidades de suba y santa fe en la ciudad de bogotá"
"340","generación de unidades logísticas en el desarrollo del sector postal"
"341","genetic morphotype eastern pacific green black  chelonia mydas chelonia agassizii  turtle catalogue"
"342","gestión cultural y territorial de los pueblos indígenas de la sierra nevada de santa marta"
"343","gestión de los desafíos medioambientales con un enfoque basado en comunidad en américa latina comet al"
"344","gestión forestal sostible   programa en la región andina"
"345","gobernanza para el desarrollo rural integral de nariño"
"346","goles para un vida mejor"
"347","gran encuesta pymes en colombia   anif"
"348","hacia la apropiación social del conocimiento en el contexto de la estrategia <U+0093>yo decido mi vida y la de mi municipio  alternativa para la promoción de los derechos humanos sexuales y reproductivos con perspectiva de género en la juventud<U+0094>  pci 2011"
"349","hacia la conservación y el manejo sostenible de nuestros mares y el mejoramiento de la calidad de vida de las comunidades humanas <U+0096> fase ii etps"
"350","hacia la corresponsabilidad entre los actores no estatales y las autoridades locales  aportes de la transparencia  la rendición de cuentas y el control ciudadano en la co construcción de políticas de desarrollo en tres departamentos de colombia "
"351","hoja de ruta para la sostenibilidad de los resultados del pathways to higher education  phe  en la región andina y el cono sur"
"352","human rights internet   pasantías internacionales 2011 2014"
"353","idb aquafund"
"354","idb quick trade response window  mecanismo de respuesta rápida para atender asuntos relacionados con el comercio "
"355","impacto de la cosecha de palma en los bosques tropicales "
"356","implementacion de estrategias productivas innovadoras para comunidades de recicladores  caso piloto bogota cundinamarca"
"357","implementación de un programa de aprovechamiento de material reciclable para la región de leticia   tabatinga"
"358","implementación proyectos productivos  uegart "
"359","incentivos a la conservación para el manejo del territorio y la mitigación de conflictos socio ambientales"
"360","inclusión social en la región andina y el cono sur  multimedia para el aniversario 50 de la fundación ford"
"361","incorporación de la agrobiodiversidad en el sector corporacion andina de fomento   cafetero en colombia"
"362","incorporación del conocimiento tradicional asociado a la agrodiversidad en agroecosistemas colombianos"
"363","incorporación del enfoque poblacional en los planes de desarrollo y ordenamiento territorial a nivel nacional  regional y local"
"364","incremento el acceso a la educación superior de población afro colombiana "
"365","incubación de microempresas culturales para la rehabilitación del centro histórico de cartagena de indias"
"366","industrias culturales  motor de desarrollo socioeconómico de cali"
"367","iniciativa de consolidación y mejoramiento de la calidad de vida  celi    región central"
"368","iniciativa de consolidación y mejoramiento de la calidad de vida  celi    regiones del norte y el sur"
"369","iniciativa de consolidación y mejoramiento de la calidad de vida  celi  <U+0096> montes de maria"
"370","iniciativa de monitoreo de cuencas"
"371","iniciativa neerlandesa de desarrollo de capacidades en la educación superior  niche  en colombia"
"372","iniciativa regional andina educación para el empleo"
"373","iniciativas productivas y sociales a través de la migración temporal"
"374","innovación y competitividad a través de la propiedad intelectual "
"375","integrated humanitarian logistics system for developing countries"
"376","intercambio de conocimientos sobre implementación de tecnologías limpias en la producción de ganado en colombia <U+0096> fase ii "
"377","intercambio de experiencias del sector literario"
"378","intercambio de información y conocimientos sobre la gestión de residuos generados en los servicios de atención en salud"
"379","intercambio de información y experiencias en el diseño  implementación y monitoreo de herramientas e instrumentos económicos para la gestión ambiental por parte de las autoridades ambientales"
"380","intercambio de información y experiencias sobre la planificación para la ordenación territorial y de cuencas hidrográficas"
"381","intercambio de información y experiencias técnicas y normativas en la gestión de suelos contaminados "
"382","intercambio de investigadores 2013"
"383","intercambio profesional para el fortalecimiento de capacidades en las organizaciones sociales en colombia"
"384","inventario para la protección y difusión del patrimonio ambiental y el patrimonio cultural tangible de la población afrodescendiente e indígena del choco"
"385","inversión de capital en colombia del fondo de oportunidades para las pymes colombianas"
"386","investigación de herbivoría por la polilla guatemalteca en papa para aumentar su producción sin uso de agroquímicos"
"387","juguemos en el bosque para que mambrú no vaya a la guerra  educación lúdica en cultura de paz para niños  niñas y adolescentes"
"388","la musica y la vida  escuelas de musica para jovenes en riesgo "
"389","la paz más allá de la paz  gobiernos locales preparados para un escenario de postconflicto"
"390","la tierra y los desafios de la política pública de reparación integral en colombia  énfasis desde las víctimas de desplazamiento forzado"
"391","las comunidades indígenas y afrocolombianas del chocó promueven su seguridad alimentaria y nutricional<U+0094> "
"392","las mujeres indígenas de colombia fortalecen su capacidad para concertar e incidir en la implementación de políticas públicas"
"393","logro de las prioridades del desarrollo urbano sostenible"
"394","los niños niñas adolescentes y jovenes ejerciendo sus derechos en entornos protectores y seguros"
"395","lou south  asistencia técnica proporcionada por el el fmi   modernización de la deuda y manejo del tesoro  "
"396","lucha contra el abuso y explotación sexual de niños  niñas y adolescentes en colombia  2013"
"397","lucha contra la explotación sexual de niños  niñas y adolescentes"
"398","lucha contra la impunidad en delitos de violencia sexual en colombia en el marco del conflicto interno armado"
"399","lucha contra la impunidad en la parapolítica"
"400","lucha contra la impunidad en violencia sexual en colombia"
"401","mama en acción  formación de empleo para madres adolescentes de cartagena"
"402","mayor capacidad de los medios de subsistencia de las comunidades agrícolas de la familia de bolivia y colombia"
"403","medio ambiente mundial"
"404","medio ambiente mundial fondo fiduciario de acuerdo de subvención"
"405","mejora de la condiciones de salid de la poblacion vulnerable afectada por el conflicto armado en los departamentos de putumayo y nariño "
"406","mejora de la gobernanza  la transparencia y la rendición de cuentas en proyectos de educación en colombia "
"407","mejora de las capacidades técnicas del sistema de parques nacionales naturales de colombia"
"408","mejora de las condiciones de salud de la población afectada por el conflicto armado en los departamentos de córdoba y putumayo  colombia"
"409","mejora de las condiciones de salud de la población vulnerable afectada por el conflicto armado en los departamento de putumayo y nariño"
"410","mejora de las condiciones de salud de la población vulnerable afectada por el conflicto armado en los departamento de putumayo y nariño  colombia   cosude 2012 <U+0096> 2013"
"411","mejora de las condiciones de salud de la población vulnerable afectada por el conflicto armado en los departamento de putumayo y nariño  colombia   cosude 2012 <U+0096> 2013 "
"412","mejora de las condiciones de salud de la poblacion vulnerable afectada por el conflicto armado en los departamentos de putumayo y nariño "
"413","mejora de las condiciones de vida  bajo el enfoque de protección para las comunidades afrocolombianas  indigenas y mestizas afectadas por el conflicto en el departamento de nariño  cauca y valle del cauca "
"414","mejora de las condiciones de vida de las comunidades desplazadas  confinadas y en riesgo de desplazamiento en los departamentos de nariño  cauca y valle del cauca  colombia "
"415","mejora de salud e incremento de la proteccion para enfermedades transmisibles"
"416","mejora la calidad de vida de las mujeres del municipio de soacha  afectadas por el conflicto armado"
"417","mejoramiento de la carretera mocoa puerto asís  putumayo "
"418","mejoramiento de la navegabilidad y articulación intermodal del modo fluvial de colombia "
"419","mejoramiento de la productividad de microempresas a través de gestión de calidad "
"420","mejoramiento de la respuesta en salud para la población confinada e internamente desplazada en colombia durante emergencias"
"421","mejoramiento de las condiciones ambientales y de seguridad alimentaria de las comunidades de indígenas wayuu del municipio de manaure  con el fortalecimiento de los proyectos <U+0093>la guajira vive limpia y wayuu sembrando bienestar"
"422","mejoramiento de las relaciones interétnicas"
"423","mejoramiento de los ingresos de la asociación de desplazados dos de mayo  adom "
"424","mejoramiento de los ingresos en los teritorios indígenas en el vichada "
"425","mejorar la producción de papa para aumentar la seguridad alimentaria de las comunidades indígenas en colombia"
"426","memorando de entendimiento suscrito entre el centro internacional para la reducción de la pobreza de china   iprcc y apc colombia "
"427","mi comunidad soñada  desarrollo integral de manzanillo del mar y tierra baja"
"428","mi comunidad soñada  manzanillo del mar y tierra baja"
"429","mineria de oro a pequeña escala"
"430","mines action canada   pasantías internacionales 2011 2014"
"431","misión de apoyo al proceso de paz en colombia  organización de los estados americanos  mapp oea  apoyo organizacional 2013"
"432","mitigando la brecha y promoviendo la justicia racial  semillero de entrenamiento jurídico avanzado para abogados afrocolombianos"
"433","mitigando la brecha y promoviendo la justicia racial  un semillero de entrenamiento jurídico avanzado para abogados afrocolombianos"
"434","modelo de cuidado integral e intercultural de la primera infancia wayuu"
"435","modelo de cuidado integral intercultural de la primera infancia wayuu"
"436","monitoreo como herramienta para la conservación  manejo y adaptación al cambio global de los bosques amazónicos colombianos "
"437","mre   retorno de colombianos en situación de vulnerabilidad y o desamparo en el exterior "
"438","mujer  paz y seguridad  diálogos inimaginables  diálogos posibles"
"439","mujeres constructoras de paz y avance en la implementación de la resolución 1325 y asociadas 1820  1888  1889 y 1960 del cs snu  en colombia en el contexto de la implementación de la ley de victimas y restitución de tierras"
"440","mujeres creadoras"
"441","mujeres indígenas de antioquia  cauca  chocó y córdoba y del consejo nacional de mujeres fortalecen su capacidad para concertar e incidir en la implementación de políticas públicas locales  departamentales y nacionales nsapvd 2012 293 682"
"442","multiveredal integral del pacífico  centros poblados y cabeceras corregimentales de  guayacana  llorente  espriella y tangareal "
"443","nuevos programas de ampliación de la capacidad penitenciaria de colombia "
"444","nuevos territorios de paz"
"445","objetivos de desarrollo del milenio en lo local"
"446","observatorio de conflictos socio laborales"
"447","observatorio nacional de paz"
"448","operacion prolongada de socorro y recuperacion organizacion panamerica de salud   opsr 200148  enfoque integrado para abordar la inseguridad alimentaria entre hogares muy vulnerables afrectados por el desplazamiento y la violencia "
"449","optimización del proceso de combustión en hornillas paneleras a través de la implementación de un sistema de dosificación de bagazo y recuperación de calor residual"
"450","pago por servicios ecosistémicos y reducción de emisiones por deforestación y degradación evitada  pse redd+  para el manejo forestal sostenible de la cuenca del río guarinó  departamento de caldas y tolima "
"451","paisaje marino del pacífico este tropical"
"452","pakaisu ii  puesta en marcha de una experiencia piloto de comercialización comunitaria que consolide el proceso socio empresarial productivo"
"453","para el desarrollo del liderazgo y el trabajo de preparación del censo"
"454","participación juvenil en los procesos locales"
"455","paso de frontera del puente villa silvania  colombia   tienditas  venezuela "
"456","patios productivos"
"457","pazalobien  educación para la paz"
"458","pearson foundation research scholarship program"
"459","pims 3882 incorporación de la biodiversidad en el sector corporacion andina de fomento   cafetero en colombia"
"460","plan de consolidación integral de la macarena   fase ii"
"461","plan de inversión  todos por el pacífico    chocó"
"462","plan estratégico del centro de estudios de derecho justicia y sociedad   2011   2013"
"463","plan estratégico institucional 2011   2016"
"464","plan estratégico institucional 2012   2015"
"465","plan nescorporacion andina de fomento   café"
"466","planeando para el futuro"
"467","planta de tratamiento de agua potable albornoz y tuberia de distribución principal"
"468","política de competencia ii <U+0096> compal ii"
"469","posicionamiento de la gobernanza forestal en colombia flegt"
"470","pradican   programa antidrogas ilícitas en la can  aap 2008  "
"471","prevención y rehabilitación integral a personas y familias víctimas de tortura en colombia "
"472","primer seminario internacional en petroleo   advancements in petroleum field geology and enhanced oil recovery methods  versión octubre 2012"
"473","primera aproximación a la armonización de estándares para la vigilancia pre mercado  buenas practicas de manufacturas  y post mercado  vigilancia epidemiológica  tecnovigilancia  de dispositivos médicos y reactivos de diagnostico in vitro"
"474","programa colombia diakonia"
"475","programa de abastecimiento de agua y saneamiento para zonas rurales "
"476","programa de agua y saneamiento para el sector rural "
"477","programa de apoyo a la consolidación de los derechos de las víctimas en colombia   fase iii"
"478","programa de apoyo a la población afrodescendiente e indígena colombiana en estadísticas laborales y de condiciones de vida  epidemiológicas y en otros componentes"
"479","programa de conservación de las ciénagas y los bosques de barbacoas  antioquia  establecimiento de una reserva privada en barbacoas "
"480","programa de conservación de paisajes"
"481","programa de derechos humanos fase iii"
"482","programa de fortalecimiento de las capacidades de las comunidades rurales para apoyar la conservación del tití cabeciblanco y de los bosques tropicales en los que habita en atlántico y bolívar"
"483","programa de fortalecimiento del acceso a la justicia en colombia   fase ii"
"484","programa de fortalecimiento del acceso a la justicia en colombia  fase ii"
"485","programa de fortalecimiento del acceso a la justicia en colombia fase iii"
"486","programa de género   women win "
"487","programa de género en desarrollo"
"488","programa de justicia y derechos humanos en colombia   fase i"
"489","programa de manejo de regalías"
"490","programa de producción y comercialización sostenible para incrementar los ingresos y lograr el empoderamiento social y político de 300 familias campesinas e indígenas de los municipios piendamó  cajibío  caldono y morales  centro cauca  colombia"
"491","programa de promoción y protección de los derechos humanos en colombia"
"492","programa de recuperación nutricional en comedores"
"493","programa de seguridad vial fase ii"
"494","programa de servicios comunitarios para población afrocolombiana víctima del conflicto"
"495","programa de víctimas"
"496","programa erasmus mundus ii"
"497","programa especial de promoción del empleo  reducción de pobreza y desarrollo social en apoyo a los objetivos de desarrollo del milenio  sof "
"498","programa forestal silvicultura como alternativa de producción en la zona marginal de la región corporacion andina de fomento   cafetera   rio magdalena fase iii"
"499","programa fortalecimiento de la justicia"
"500","programa género en desarrollo   fase i"
"501","programa integral de transferencia de conocimiento para el desarrollo sostenible de la cadena agroalimentaria en la región del valle del cauca"
"502","programa nacional de escuelas taller"
"503","programa para afrodescendientes e indígenas  acip "
"504","programa para apoyo y protección de defensoras de derechos humanos y sociedades en colombia "
"505","programa para el fortalecimiento comunitario  el desarrollo local  los derechos humanos y la vida digna "
"506","programa para la implementación de prácticas organizativas y productivas sostenibles  buscando el bienestar de las pequeñas unidades productivas de bánano y plátano de urabá  magdalena y chocó "
"507","programa promoción de la convivencia"
"508","programa proniño para la prevención y erradicación del trabajo infantil"
"509","programa suizo para la promoción de la paz suippcol   ruta pacífica "
"510","programa suizo para la promoción de la paz suippcol  fortalecimiento diálogo democrático"
"511","programa sur con bogotá   convivencia fase iii"
"512","programas de violencia de género  unifem"
"513","promoción de la declaración de la onu sobre derechos humanos de los pueblos indígenas y desarrollo institucional del movimiento indígena colombiano"
"514","promoción de la equidad de género y prevención de las violencias contra las mujeres en el departamento del valle y resguardos indígenas del cauca  fase ii"
"515","promoción de políticas públicas de igualdad de género en colombia"
"516","promoción y gestión de políticas públicas para las víctimas de la violencia en 3 departamentos de colombia 10 cap1 0576"
"517","promoviendo acciones de incidencia y prácticas de las mujeres de la región caribe para la construcción de paz con restitución  justicia y protección "
"518","promoviendo y fortaleciendo el trabajo de compañías en el tema de empresa y derechos humanos "
"519","propuesta de cooperación en materia de innovacion y emprendimiento"
"520","propuesta de fortalecimiento institucional de la secretaria de planeación departamental de la guajira"
"521","propuesta de gobernabilidad territorial para la cohesion social y la paz"
"522","protección de derechos humanos en colombia"
"523","protección de la biodiversidad en la región suroccidental del caribe"
"524","protección de los derechos de niños afectados por el conflicto y vulnerables en colombia"
"525","protección de niños y niñas afectados por el conflicto armado y la violencia en colombia"
"526","protección de tierras y patrimonio de la población en situación de desplazamiento en colombia"
"527","protección del sistema de áreas protegidas en la amazonia colombiana"
"528","protección y ayuda humanitaria para las comunidades afrocolombianas e indígenas afectadas por el conflicto en los departamentos del valle del cauca y nariño en colombia"
"529","protegiendo la educación de los niños en el suroccidente colombiano"
"530","proyecto  implementación de los odm desde la perspectiva indígena como herramienta de gestión  fortalecimiento interno e incidencia política"
"531","proyecto alianzas para la prosperidad en el departamento de casanare"
"532","proyecto capital"
"533","proyecto centro de pensamiento estratégico tercera fase<U+0094> a realizarse entre el ministerio de relaciones exteriores de la república de colombia y la corporación andina de fomento  fase 3"
"534","proyecto colombia lista"
"535","proyecto colombo  suizo de propiedad intelectual  colipri "
"536","proyecto cordón ambiental y tradicional de la sierra nevada de santa marta"
"537","proyecto de acceso a la justicia"
"538","proyecto de consolidación para apoyar a los niños y niñas desvinculados y prevenir el reclutamiento de niños y niñas "
"539","proyecto de cooperacion para el fortalecimietnto de la gestion de  los residuos en colombia"
"540","proyecto de elaboración conjunta para el aprovechamiento de recursos geotérmicos de acuerdo con las experiencias aprendidas en ambos países en esta materia"
"541","proyecto de energía limpia para colombia"
"542","proyecto de formación técnica y vinculación laboral  hacia el empleo "
"543","proyecto de fortalecimiento de la gestión de finanzas públicas en colombia"
"544","proyecto de fortalecimiento democrático fase ii"
"545","proyecto de fortalecimiento sindical ii"
"546","proyecto de políticas públicas"
"547","proyecto de sostenibilidad regional del municipio de pasto  participación y concertación en el proceso de construcción sostenible del departamento de nariño  fase ii"
"548","proyecto de tierras y patrimonio de la población desplazada   fase iii "
"549","proyecto de varias organizaciones en el área de derechos humanos y desarrollo de la paz "
"550","proyecto del complejo recreativo educativo cultural y de servicios del barrio el pozón de cartagena de indias"
"551","proyecto demostrativo piloto para la gestión integral de los residuos de sustancias agotadoras de la capa de ozono   sao"
"552","proyecto ganadería colombiana sostenible   gcs"
"553","proyecto gef  fondo para las áreas protegidas  "
"554","proyecto graduación"
"555","proyecto little big money"
"556","proyecto nacional de evaluacion conjunta de alternativas de desarrollo bajo en carbono"
"557","proyecto optimización y potabilización del sistema de acuerducto del corregimiento de pacurita"
"558","proyecto para al construcción de un puente colgante en la vereda monterrey de simití "
"559","proyecto para el establecimiento del centro amistoso de rehabilitación integral colombo coreano en bogotá  fase ii "
"560","proyecto para el mejoramiento de la vía en las veredas el atalaya al puente del río horta en landázuri "
"561","proyecto para el mejoramiento de la vía en las veredas sabana de buenavista a san lorenzo en aguachica "
"562","proyecto para fortalecer la incidencia pública de las organizaciones de la población afro colombiana que integran el pcn"
"563","proyecto para incrementar el acceso a la educación superior de población afro colombiana"
"564","proyecto para la consolidación del marco nacional de gestión del riesgo de desastres en colombia"
"565","proyecto para la construcción de un centro comunitario para campesinos en pensilvania "
"566","proyecto para la construcción de un colegio en el municipio de la palma"
"567","proyecto para la construcción de un colegio en ríosucio"
"568","proyecto para la construcción de un colegio para etno educación en valle del guamuéz"
"569","proyecto para la construcción de un hogar para primera infacia en cajibío"
"570","proyecto para la construcción de un hogar para primera infancia en silvia"
"571","proyecto para la construcción de un hogar para primera infancia en suarez"
"572","proyecto para la construcción de un hogar para primera infancia en tiquisio"
"573","proyecto para la construcción de un hogar para primera infancia en villavieja"
"574","proyecto para la construcción de un hogar para primera infancia en zona bananera"
"575","proyecto para la construcción de un restaurante del hogar para primera infancia en barranquilla"
"576","proyecto para la construcción de un restaurante del hogar para primera infancia en santa marta"
"577","proyecto para la construcción de un restaurante del hogar para primera infancia en soacha"
"578","proyecto para la construcción de una biblioteca para niños en timbiquí"
"579","proyecto para la construcción de una biblioteca para niños en toca"
"580","proyecto para la construcción del centro de estudios del pacífico en tumaco"
"581","proyecto para la donación de equipos médicos a la e s e  hospital de hatillo de loba "
"582","proyecto para la dotación de paneles solares para la educación ambiental "
"583","proyecto para la formación de jóvenes líderes gestores de convivencia y paz en colombia  propuesta 2013 <U+0096> 2015  lìderes juveniles que transforman y emprenden "
"584","proyecto pepinos de mar"
"585","proyecto piloto de certificación rspo palma de aceite en el catatumbo"
"586","proyecto piloto de implementación de la política para la gestión integral del recurso hídrico"
"587","proyecto piloto para la gestión integral del riesgo en los componentes de pronóstico hidrológico y alerta temprana"
"588","proyecto piloto para la implementación de un modelo documental de la recolección a la digitalización centro nacional de documentación musical   lauro ayestarán"
"589","proyecto sena   tika en sector de textiles"
"590","proyectos de varias organizaciones en acción integral contra las minas antipersonales "
"591","proyectos de varias organizaciones en ayuda humanitaria "
"592","proyectos de varias organizaciones en el área de desarrollo económico "
"593","puesta en macha del centro apic de formación para poblaciones vulnerables en el municipio de montelíbano córdoba   fase iii"
"594","quincuagesima cuarta olimpiada internacional de matemáticas caribe 2013"
"595","readaptación con base comunitaria  las personas con discapacidades en ámbitos que desarrollen su potencial como individuos en igualdad de condiciones con sus conciudadanos colombia"
"596","realizar estudios de ingeniería de detalle del nuevo puente internacional tienditas sobre el río tachira"
"597","reconstrucción económica y social de el salado"
"598","recuperación integral de niños y niñas de cero a seis años de edad  en situación de vulnerabilidad  y mejoramiento de la calidad de vida de sus familias  en las ciudades de bogotá  cali  darién  valle   marinilla y medellín  colombia "
"599","recuperacion nutricional y desarrollo economico de la poblacion en las costas pacifica y atlantica colombiana"
"600","red de arquitectura vernácula iberoamericana  pci 2011"
"601","red de proteccion especial   colombia  garantias y oportunidades para niños y niñas afectados por el conflicto armado"
"602","red latinoamericana para la protección de los derechos de los pueblos indígenas altamente vulnerables en el ámbito regional e internacional "
"603","red temática iberoamericana de transferencia de conocimiento en psicología jurídica y forense  pci 2011"
"604","reducción de la incidencia de enfermedades relacionadas con el agua  el saneamiento básico y las prácticas de higiene en población afectada por el conflicto armado en el departamento del putumayo y nariño "
"605","reducción de la incidencia de enfermedades relacionadas con el agua  la higiene y las condiciones básicas de hábitat de 1 200 familias vulnerables afectadas por las inundaciones en departamento de córdoba  colombia"
"606","reducción de la indidencia de enfermedad relacionadas con el agua  la higiene y las condiciones básicas de hábitat de 1200 familias vulnerables por las inundaciones en el departamento de córdoba "
"607","reducción de vulnerabilidades y aumento de factores de protección para niños y niñas  jóvenes y familias en el departamento de córdona  con prioridad tierraalta "
"608","reducción del riesgo y de la vulnerabilidad frente al cambio climático en la región de la depresión momposina en colombia"
"609","reformas institucionales y reforzamiento de las políticas de atención y reparación a las víctimas en colombia  2010 2013"
"610","reforzar en colombia el respeto del derecho humano a fundar y afiliarse a un sindicato en cuatro de seis sectores económicos  agroindustria  industria  salud  comercio  instituciones públicas  y telecomunicaciones "
"611","reinclusión en la escuela de 150 niños y niñas en condiciones de extrema vulnerabilidad educativa que han abandonado el sistema escolar"
"612","resolución de conflictos relacionados con tierras y recursos naturales"
"613","revisión de la actuación medioambiental de colombia ante la ocde"
"614","revisión de la gobernabilidad pública y seguimiento a la implementación "
"615","revisión de políticas y prácticas medioambientales y armonización con el marco internacional de derechos de los pueblos indígenas desde el análisis y la práctica de las organizaciones indígenas"
"616","rrd   inundaciones chocó"
"617","ruta por la vida  construcción colectiva por la paz  los derechos humanos  la reconciliación y la consolidación del estado social de derechos en la región de los montes de maría"
"618","salud ambiental y entornos saludables"
"619","salud en emergencia y desastres"
"620","salud sexual y reproductiva y derechos sexuales y reproductivos en adolescentes y jóvenes"
"621","score  mantenimiento de empresas competitivas y responsables "
"622","seguimiento al cumplimiento a las recomendaciones del examen periódico universal para colombia  un ejercicio de la sociedad civil "
"623","segunda fase del <U+0093>plan de energización rural vinculado al desarrollo local<U+0094>"
"624","segunda fase del programa pisotón en el municipio de ayapel  departamento de córdoba "
"625","segunda fase para el proceso de fortalecimiento psico jurídico a víctimas de violencia sociopolítica en la región caribe con enfoque de género ddhh y dih"
"626","segundo seminario internacional en petroleo  advancements in petroleum field geology and enhanced oil recovery methods  versión mayo 2013"
"627","sembrando paz ii   fortalecimiento y expanción de un programa piloto de educación en alternancia en el medio rural"
"628","semillero de desarrollo rural"
"629","sermacarena   fortalecimiento de medidas de confianza para un ordenamiento territorial y ambiental participativo  amem  en la región macarena "
"630","servicio de educación y formación integral en el subsector de desarrollo de habilidades"
"631","servicios de atención primaria en salud para las poblaciones rurales  mestizas e indígenas afectadas por el conflicto colombiano"
"632","servicios e innovación en el operador postal"
"633","siguiendo la ruta del diálogo  seguimiento y continuidad del encuentro nacional de comunidades campesinas  afrodescendientes e indígenas por la tierra y la paz de colombia"
"634","sistema de información para la revitalización de centros históricos"
"635","sistema de supervisión y control avanzado  isaac  para la red de transporte de colombia"
"636","sistema integrado de monitoreo de cultivos ilícitos"
"637","sistema nacional de informacion de infancia y adolescencia"
"638","sostenibilidad económica  equidad de género y derechos humanos"
"639","suelos para la paz"
"640","sustainable livelihoods through co operatives program 2011 16"
"641","swiss world bank partnership on fiscal risk management  cat risk"
"642","tecnología para el desarrollo de grupos autogestionados de ahorro y crédito"
"643","teje la vida  empoderamiento de niños  niñas  jóvenes y mujeres para que se conviertan en agentes activos del cambio "
"644","tercera fase observatorio de territorios etnicos en contextos de cambio sociocultural y disputas por el territorio"
"645","the invincible city cultural landscape of cartagena de indias bay"
"646","tiempo de juego va al colegio"
"647","transformación de la fundación mundo mujer de popayán  fmmp  a entidad regulada "
"648","transicion"
"649","tsi  sigla en inglés transitional solutions iniciative  soluciones transitorias para el desarrollo "
"650","una apuesta por la vida  la gobernabilidad y el etnodesarrollo en los territorios colectivos de indígenas y afrodescendientes en el departamento del chocó  no  dci nsapvd 2012 294 571"
"651","uso de la inteligencia epidemiologica con participación social  para fortalecer la gestión del programa  mejorar el acceso al diagnostico y tratamiento y ejecutar intervenciones eficaces para la prevención y control de la malaria<U+0094>"
"652","v encuentro latinoamericano de gobiernos locales en territorios indígenas"
"653","vivienda sustentable en materia de eficiencia energética y ambiental "
"654","we give books   américa latina"
"655","whitley"
